open_time,open,high,low,close,volume
1754006400000,115697.30,116000.00,114239.00,115595.70,42604.847
1754020800000,115595.60,115873.40,114579.50,115015.10,21214.534
1754035200000,115015.10,115291.10,114055.60,115246.60,26589.382
1754049600000,115246.50,115956.00,113871.10,115305.30,54800.767
1754064000000,115305.30,115656.80,113173.70,113278.50,46088.416
1754078400000,113278.40,114039.00,112660.00,113244.80,29984.153
1754092800000,113244.80,113873.70,113145.00,113859.90,11027.075
1754107200000,113860.00,114000.00,113415.80,113919.90,11938.326
1754121600000,113920.00,113988.00,113370.00,113732.50,10218.835
1754136000000,113732.60,113740.50,112769.20,112798.60,18494.393
1754150400000,112798.60,113388.90,111910.00,112175.50,36337.074
1754164800000,112175.50,113022.50,112007.90,112508.80,14443.745
1754179200000,112508.80,113694.00,111850.00,113550.90,17961.770
1754193600000,113550.90,113676.40,113285.70,113647.20,6301.771
1754208000000,113647.20,114200.00,113492.50,113810.10,11023.459
1754222400000,113810.00,114049.80,113529.60,113904.30,10900.396
1754236800000,113904.30,114730.00,113727.80,114259.00,10570.464
1754251200000,114259.10,114567.30,114011.30,114150.80,6426.009
1754265600000,114150.90,114963.40,114053.80,114520.20,12295.237
1754280000000,114520.30,114739.30,114089.00,114607.00,9279.797
1754294400000,114607.00,114715.00,114166.00,114450.00,7637.669
1754308800000,114450.10,115431.60,114070.00,114766.30,27575.335
1754323200000,114766.40,115686.00,114681.10,114724.00,17022.068
1754337600000,114724.00,115299.00,114580.40,115002.10,9518.485
1754352000000,115002.10,115073.30,114213.60,114215.00,10318.429
1754366400000,114214.90,114468.10,113650.00,113924.70,16889.881
1754380800000,113924.70,115057.00,113869.50,114782.00,15542.383
1754395200000,114782.10,114860.10,112582.40,112871.80,48789.021
1754409600000,112871.70,113731.70,112755.10,113573.10,16283.201
1754424000000,113573.80,114178.40,113240.10,114069.60,11493.513
1754438400000,114069.60,114091.30,113355.50,113470.10,9186.999
1754452800000,113470.20,114390.20,113304.50,114179.20,14343.657
1754467200000,114179.20,114372.70,113663.30,114188.00,11807.499
1754481600000,114187.90,115488.00,113520.00,115366.30,37775.792
1754496000000,115366.20,115674.20,114867.00,115215.10,18625.447
1754510400000,115215.00,115228.50,114732.80,114941.00,6859.276
1754524800000,114941.00,115144.00,114333.60,114500.80,10847.644
1754539200000,114500.90,114834.40,114211.40,114751.10,10679.936
1754553600000,114751.20,116782.60,114750.00,116469.10,40981.265
1754568000000,116469.10,116747.60,115950.10,116634.60,24976.017
1754582400000,116634.60,117487.20,115555.20,117407.60,31486.178
1754596800000,117407.50,117580.00,116942.20,117419.90,15438.015
1754611200000,117419.90,117591.80,116639.90,116692.20,17323.039
1754625600000,116692.20,116917.10,116342.00,116772.00,10920.557
1754640000000,116772.00,116880.00,116256.00,116840.50,10056.008
1754654400000,116840.60,117229.90,115850.00,116162.00,25731.574
1754668800000,116162.10,116863.90,115949.90,116384.40,18032.069
1754683200000,116384.40,116941.50,116250.00,116628.20,7765.364
1754697600000,116628.20,116703.60,116304.00,116331.50,5712.949
1754712000000,116331.60,116950.10,116309.00,116703.20,14934.749
1754726400000,116703.30,117906.70,116700.00,117064.90,25544.616
1754740800000,117065.00,117200.00,116600.00,116835.60,13944.013
1754755200000,116835.50,116900.90,116458.10,116499.90,7593.202
1754769600000,116499.90,117000.00,116350.00,116422.10,10195.005
1754784000000,116422.10,118500.00,116413.20,118480.10,34945.874
1754798400000,118480.00,118738.00,117342.00,117770.00,29066.653
1754812800000,117770.00,118489.90,117568.90,118295.90,16040.238
1754827200000,118295.90,119094.00,118192.60,118766.00,22868.048
1754841600000,118766.00,118917.40,118395.80,118624.50,7283.134
1754856000000,118624.60,119291.90,118010.00,119255.30,20127.832
1754870400000,119255.30,122165.40,118950.00,121700.10,59538.202
1754884800000,121700.10,122450.00,121432.30,121534.80,27806.843
1754899200000,121534.90,121820.70,120267.30,120545.00,28876.249
1754913600000,120545.00,120655.00,119345.00,120271.20,48113.091
1754928000000,120271.20,120799.00,118499.00,119035.30,32996.458
1754942400000,119035.20,119149.60,118050.00,118641.90,19757.411
1754956800000,118641.80,119246.40,118551.70,118813.10,13300.142
1754971200000,118813.20,119120.00,118377.20,118931.90,14300.013
1754985600000,118931.90,119011.90,118154.30,118464.10,13998.651
1755000000000,118464.20,119927.90,118234.80,119888.00,45134.657
1755014400000,119888.00,120163.60,119124.50,119600.30,22828.660
1755028800000,119600.30,120270.00,119430.00,120081.00,16146.432
1755043200000,120080.90,120146.60,119028.00,119436.00,16859.449
1755057600000,119436.00,119798.60,118829.00,119540.30,16032.891
1755072000000,119540.30,120710.40,119408.80,120538.50,23680.705
1755086400000,120538.40,122218.30,120066.10,120897.20,65444.155
1755100800000,120897.30,122831.10,120897.30,122719.90,32963.963
1755115200000,122720.00,123715.90,122314.10,123323.90,33092.710
1755129600000,123323.90,124545.60,123272.10,123405.20,29585.605
1755144000000,123405.10,123485.30,121318.50,121742.40,41732.330
1755158400000,121742.30,122050.00,120657.60,120947.90,25372.784
1755172800000,120947.80,121154.70,117410.00,118185.90,112404.602
1755187200000,118185.90,118500.00,117004.00,117889.50,32884.838
1755201600000,117889.40,118470.10,117255.00,118242.20,17821.411
1755216000000,118242.20,119039.90,117970.70,118918.10,14657.063
1755230400000,118918.10,119184.00,118569.70,118908.30,13276.330
1755244800000,118908.40,119114.90,118550.00,118950.00,8916.305
1755259200000,118950.10,119068.80,116750.00,117216.80,48081.547
1755273600000,117216.80,117859.40,116736.30,116900.00,24658.013
1755288000000,116900.00,117711.00,116820.50,117279.20,10953.099
1755302400000,117279.10,117853.50,117162.60,117385.00,10472.387
1755316800000,117385.00,117857.10,117226.80,117549.90,8878.588
1755331200000,117550.00,117664.90,117089.70,117340.40,8197.037
1755345600000,117340.50,117786.00,117268.50,117626.90,7789.925
1755360000000,117627.00,117774.50,117588.70,117622.30,4894.852
1755374400000,117622.30,117673.90,117137.40,117329.70,6441.631
1755388800000,117329.80,117722.50,117121.60,117627.40,5731.934
1755403200000,117627.30,118187.00,117627.30,117949.90,9439.515
1755417600000,117950.00,118435.00,117865.00,118253.90,9265.939
1755432000000,118254.00,118558.00,118010.00,118191.00,7883.199
1755446400000,118191.00,118267.90,117245.00,117527.00,15033.475
1755460800000,117527.00,117945.00,117322.20,117353.80,7032.742
1755475200000,117353.90,117499.40,114950.30,115264.90,46974.544
1755489600000,115264.80,115684.50,114815.20,115153.20,22828.276
1755504000000,115153.20,115342.50,114605.00,114900.00,17981.665
1755518400000,114900.10,116137.80,114769.20,116099.40,28586.539
1755532800000,116099.40,116761.00,115773.30,116273.40,19769.430
1755547200000,116273.40,116938.70,115929.90,116183.60,11079.325
1755561600000,116183.60,116687.70,114734.80,114756.60,21808.316
1755576000000,114756.70,115430.00,114303.80,114928.70,19906.291
1755590400000,114928.70,115608.50,114750.00,115461.00,11178.156
1755604800000,115461.00,115847.40,113506.00,113730.00,44225.425
1755619200000,113730.10,113844.00,112714.40,113078.30,29407.714
1755633600000,113078.20,113524.50,112666.60,112824.20,14498.385
1755648000000,112824.10,113599.40,112500.00,113465.40,21619.508
1755662400000,113465.40,113805.50,113360.90,113436.70,9143.536
1755676800000,113436.70,113978.00,113009.50,113627.50,15623.162
1755691200000,113627.40,114279.30,112301.80,113297.00,45124.338
1755705600000,113296.90,114411.00,113200.00,114216.30,27678.020
1755720000000,114216.30,114569.00,113941.90,114220.50,11333.806
1755734400000,114220.50,114777.00,113843.70,113912.10,13829.073
1755748800000,113912.00,113997.10,113520.00,113836.80,9921.262
1755763200000,113836.80,113947.40,112924.60,113100.20,12824.800
1755777600000,113100.00,113936.00,112545.40,112748.90,27324.857
1755792000000,112748.80,112940.60,111944.00,112152.80,21010.133
1755806400000,112152.80,112833.30,112010.00,112462.20,11496.231
1755820800000,112462.20,113485.90,112273.20,112889.90,15818.142
1755835200000,112890.00,113350.20,112655.50,113040.10,12847.566
1755849600000,113040.00,113273.90,112130.30,112272.80,13076.590
1755864000000,112272.90,117266.90,111625.90,116319.30,110185.220
1755878400000,116319.40,117397.40,116046.50,116625.50,35551.395
1755892800000,116625.40,117140.60,116510.00,116897.50,11969.064
1755907200000,116897.50,116988.00,115414.30,115522.50,21833.348
1755921600000,115522.60,116015.30,115504.60,115769.90,10604.533
1755936000000,115770.00,115840.40,115180.00,115266.70,9759.963
1755950400000,115266.80,115450.00,114510.00,114776.50,22697.545
1755964800000,114776.40,115166.50,114648.70,115104.90,7958.313
1755979200000,115104.90,115380.00,114957.70,115377.10,5565.713
1755993600000,115377.10,115640.00,114902.00,115006.50,11855.839
1756008000000,115006.50,115264.40,114814.20,114854.80,8290.719
1756022400000,114854.90,115033.40,114574.10,114702.00,10131.968
1756036800000,114701.90,114845.00,114324.90,114372.60,14203.317
1756051200000,114372.70,114914.80,110484.00,112556.40,58915.204
1756065600000,112556.40,113646.50,111555.00,113446.30,29990.955
1756080000000,113446.20,113621.30,112100.20,112867.70,22365.177
1756094400000,112867.80,113022.90,111245.90,111469.70,26547.559
1756108800000,111469.70,111789.90,110891.00,111183.70,27037.380
1756123200000,111183.70,112533.20,110532.20,112142.20,41669.829
1756137600000,112142.20,112897.70,110601.70,110650.40,30479.325
1756152000000,110650.40,111050.00,109219.80,110064.00,56740.515
1756166400000,110064.10,110064.10,108559.70,109825.00,32739.345
1756180800000,109825.10,110508.50,109711.00,110244.20,14571.872
1756195200000,110244.20,110405.60,109529.50,109842.20,13433.107
1756209600000,109842.20,110817.50,109350.00,109624.60,40914.503
1756224000000,109624.60,111106.50,109400.00,111053.50,21525.613
1756238400000,111053.50,112330.00,110855.00,111709.90,21856.998
1756252800000,111710.00,111765.60,110867.10,111373.70,15375.235
1756267200000,111373.80,111700.40,110586.50,110688.00,11788.597
1756281600000,110688.00,111328.90,110306.90,111270.80,12812.348
1756296000000,111270.70,112568.50,110958.20,111965.10,29562.927
1756310400000,111965.00,112550.00,111489.80,112032.80,18174.547
1756324800000,112032.90,112401.50,110854.40,111194.90,26491.468
1756339200000,111194.90,111993.00,110811.00,111954.10,11667.908
1756353600000,111954.00,113318.20,111892.40,113079.20,23087.347
1756368000000,113079.30,113301.60,112780.30,112876.50,10509.946
1756382400000,112876.50,113429.00,112344.40,112633.10,26239.509
1756396800000,112633.10,113153.10,111853.60,111864.70,17144.949
1756411200000,111864.80,112519.10,111829.40,112507.30,8980.618
1756425600000,112507.30,112585.70,111238.50,111648.60,17249.864
1756440000000,111648.60,111797.20,109850.00,109969.00,25126.998
1756454400000,109969.00,110254.90,109360.00,110047.80,23367.603
1756468800000,110047.80,111489.50,108034.10,108334.40,70997.820
1756483200000,108334.40,108777.00,107869.60,108155.50,21364.211
1756497600000,108155.50,108513.00,107411.40,108332.40,21618.676
1756512000000,108332.40,108378.00,107281.00,108367.90,16398.309
1756526400000,108368.00,108615.30,108067.50,108466.60,11466.765
1756540800000,108466.60,108742.90,108359.60,108638.60,9160.751
1756555200000,108638.60,108879.60,108155.00,108809.80,13394.470
1756569600000,108809.80,108851.00,108562.00,108769.40,5467.675
1756584000000,108769.50,108776.10,108412.20,108757.90,4768.913
1756598400000,108758.00,109439.90,108750.00,109175.40,13765.096
1756612800000,109175.50,109190.40,108455.00,108656.90,9506.115
1756627200000,108656.90,109067.20,108251.30,108350.00,12792.960
1756641600000,108350.00,108808.50,108153.80,108758.20,10880.915
1756656000000,108758.20,109196.50,108504.70,108877.20,10481.101
1756670400000,108877.30,109192.30,108021.00,108208.40,12723.359
1756684800000,108208.40,108447.60,107355.00,107619.10,25068.790
1756699200000,107619.10,109390.30,107211.50,109390.30,26104.798
1756713600000,109390.20,109874.80,108131.60,108721.90,33039.009
1756728000000,108721.80,109479.20,108515.80,108738.00,21788.115
1756742400000,108737.90,109298.60,108350.00,109178.70,12872.734
1756756800000,109178.70,109410.50,107400.00,109187.90,31407.180
1756771200000,109187.90,110597.90,108834.90,110286.00,28302.513
1756785600000,110286.00,110571.90,109932.40,110190.10,13927.360
1756800000000,110190.10,110700.00,109501.70,109698.60,18830.291
1756814400000,109698.60,111742.10,108333.00,110789.90,79576.083
1756828800000,110789.90,111076.80,110118.50,110742.90,20760.952
1756843200000,110742.90,111487.90,110650.80,111188.00,14564.157
1756857600000,111187.90,111732.90,110842.70,110991.70,14679.713
1756872000000,110991.80,111117.50,110486.90,111041.50,11117.044
1756886400000,111041.40,111670.00,110843.00,111391.60,11890.428
1756900800000,111391.60,112470.50,110966.80,112168.60,42967.906
1756915200000,112168.50,112541.20,111626.00,112139.90,17438.926
1756929600000,112140.00,112207.10,111550.90,111659.80,7410.404
1756944000000,111659.70,112136.80,111081.10,111107.10,14897.088
1756958400000,111107.10,111283.70,110237.20,110417.30,20718.869
1756972800000,110417.30,111111.00,110366.00,110763.90,14846.823
1756987200000,110763.80,111081.60,109269.10,109448.00,33312.199
1757001600000,109448.00,110150.00,109315.00,109753.90,17804.968
1757016000000,109753.90,111743.80,109702.80,110679.40,20720.422
1757030400000,110679.50,111444.10,110394.20,111266.90,14819.651
1757044800000,111267.00,112949.00,111086.20,112900.10,28206.507
1757059200000,112900.00,112947.60,112080.00,112299.60,22210.272
1757073600000,112299.60,113344.30,110240.00,110674.10,88696.603
1757088000000,110674.10,111598.20,110153.30,111550.10,19053.407
1757102400000,111550.00,111655.50,110307.60,110614.90,20388.964
1757116800000,110614.80,111256.20,110504.90,111034.00,7401.220
1757131200000,111034.00,111034.00,110653.10,110779.90,5151.787
1757145600000,110779.90,110928.50,110621.00,110732.90,5048.529
1757160000000,110732.80,110956.50,110285.20,110324.10,9309.436
1757174400000,110324.20,110359.10,109850.00,109986.70,14613.108
1757188800000,109986.80,110225.90,109981.20,110135.30,4758.436
1757203200000,110135.20,110700.00,110120.50,110579.80,8486.949
1757217600000,110579.80,110880.80,110414.40,110710.80,7174.867
1757232000000,110710.80,111348.00,110666.40,111249.50,14763.410
1757246400000,111249.50,111371.40,110998.80,111276.20,7509.152
1757260800000,111276.20,111327.20,110817.50,111217.00,7640.787
1757275200000,111216.90,111559.50,110947.60,111076.00,8265.419
1757289600000,111075.50,111345.00,110566.50,111004.90,14141.826
1757304000000,111004.80,111580.70,110852.10,111236.40,9409.023
1757318400000,111236.50,112144.00,111201.00,112022.00,24016.679
1757332800000,112022.00,112867.60,111800.00,112573.60,28275.809
1757347200000,112573.60,112635.00,111927.00,112051.00,14865.987
1757361600000,112050.00,112460.40,111847.00,112012.60,8408.535
1757376000000,112012.70,112055.70,111050.00,111657.60,19290.250
1757390400000,111657.70,113238.00,111576.70,112950.10,31921.636
1757404800000,112950.20,113134.30,112350.00,112397.40,12841.685
1757419200000,112397.50,112900.00,110714.90,110830.10,49386.303
1757433600000,110830.10,111342.00,110738.60,111242.30,14928.609
1757448000000,111242.40,111692.30,111041.10,111499.90,8906.650
1757462400000,111499.90,111545.00,110855.80,111498.90,17185.891
1757476800000,111498.90,112555.00,111316.80,112500.10,16775.302
1757491200000,112500.00,112832.00,112060.00,112266.40,19366.674
1757505600000,112266.50,114287.90,112266.40,113801.30,64026.700
1757520000000,113801.30,114046.80,113111.00,113525.20,21631.484
1757534400000,113525.30,114005.00,113468.40,113896.80,12915.488
1757548800000,113896.80,114433.20,113614.50,114354.40,11183.876
1757563200000,114354.40,114419.90,113900.00,114040.00,11621.630
1757577600000,114040.10,114161.00,113722.20,113960.90,11061.871
1757592000000,113961.00,114691.70,113340.70,114122.30,50084.085
1757606400000,114122.40,114564.00,114008.50,114370.50,11930.936
1757620800000,114370.40,115439.00,114195.00,115427.00,17183.680
1757635200000,115427.00,116280.00,114993.00,115138.30,31719.513
1757649600000,115138.30,115613.00,115024.30,115049.00,12398.784
1757664000000,115048.90,115243.50,114833.80,114863.00,13385.479
1757678400000,114863.00,115445.90,114681.50,115064.90,18827.404
1757692800000,115064.80,116605.70,114989.90,116561.10,27949.158
1757707200000,116561.00,116561.00,115701.40,115978.40,14733.380
1757721600000,115978.40,116245.40,115500.10,115913.60,10867.694
1757736000000,115913.60,115913.60,115594.90,115715.50,6578.872
1757750400000,115715.50,116126.00,115715.50,115912.90,6897.627
1757764800000,115913.00,116013.70,115546.10,115721.30,9103.390
1757779200000,115721.40,115780.30,115032.00,115751.40,15004.094
1757793600000,115751.40,115946.40,115745.60,115862.70,4077.913
1757808000000,115862.70,116075.80,115580.00,115626.00,7677.134
1757822400000,115626.00,115884.10,115406.10,115746.00,4741.452
1757836800000,115746.10,116118.60,115700.30,115750.00,7509.269
1757851200000,115750.00,115828.10,115100.50,115162.20,15997.510
1757865600000,115162.20,115605.50,115132.40,115597.40,5946.542
1757880000000,115597.30,116050.00,115057.00,115210.00,13216.083
1757894400000,115210.00,115536.00,114777.00,115387.60,13576.469
1757908800000,115387.70,116759.90,115341.80,115769.50,27463.691
1757923200000,115769.60,115769.60,114588.00,115009.00,30239.543
1757937600000,115009.00,115045.50,114338.50,114788.40,25881.909
1757952000000,114788.10,115528.80,114542.60,115246.70,14288.385
1757966400000,115246.70,115550.00,115141.40,115300.60,6461.282
1757980800000,115300.50,115490.80,114890.00,115250.90,8274.606
1757995200000,115250.80,115968.00,114867.00,115799.40,18532.273
1758009600000,115799.40,115945.00,115151.00,115222.20,9903.929
1758024000000,115222.10,115878.20,114600.00,115877.90,24558.996
1758038400000,115877.90,116830.00,115549.90,116758.00,28427.493
1758052800000,116757.10,116910.80,116543.70,116747.30,9748.887
1758067200000,116747.30,117081.90,116317.00,116320.10,11721.837
1758081600000,116320.20,117266.40,116107.20,117120.50,19903.725
1758096000000,117120.50,117156.60,116197.00,116200.10,14747.898
1758110400000,116200.10,116493.00,115340.00,115825.10,27934.073
1758124800000,115825.10,116316.00,114623.30,115587.60,61585.442
1758139200000,115587.50,116940.00,115257.10,116402.50,22232.095
1758153600000,116402.60,117865.90,116033.50,117531.20,30344.595
1758168000000,117531.30,117713.50,116834.50,117033.60,17350.923
1758182400000,117033.70,117381.90,116955.00,117015.00,10057.804
1758196800000,117015.00,117789.90,116913.90,117530.30,22097.569
1758211200000,117530.20,117875.20,117133.00,117403.00,12457.020
1758225600000,117402.90,117605.80,116489.70,117017.10,14907.806
1758240000000,117017.10,117406.80,116800.00,116914.20,10269.210
1758254400000,116914.10,117049.90,116567.30,116850.10,12862.505
1758268800000,116850.00,117050.60,116250.70,116343.10,13997.595
1758283200000,116343.30,116488.00,115408.40,115826.90,27296.129
1758297600000,115826.90,116093.00,115057.00,115082.40,16518.271
1758312000000,115082.40,115600.00,115049.90,115569.50,7207.939
1758326400000,115569.60,115670.00,115355.00,115394.20,4785.626
1758340800000,115394.30,115933.40,115343.00,115909.80,6258.545
1758355200000,115909.90,115914.40,115605.60,115834.90,6129.028
1758369600000,115834.90,116059.20,115750.60,115928.50,6527.830
1758384000000,115928.40,116017.90,115636.60,115636.60,5001.456
1758398400000,115636.60,115887.60,115549.90,115624.90,3653.193
1758412800000,115625.00,115671.20,115388.00,115613.80,4830.646
1758427200000,115613.80,115772.90,115430.20,115772.90,4856.719
1758441600000,115772.80,115778.00,115277.00,115559.30,6594.717
1758456000000,115559.30,115703.90,115413.00,115471.10,4436.358
1758470400000,115471.00,115620.00,115158.00,115441.00,6740.608
1758484800000,115441.00,115510.70,115137.60,115183.90,5334.383
1758499200000,115183.90,115344.60,114050.00,114602.90,34217.270
1758513600000,114602.90,114604.90,111469.20,112454.40,53970.686
1758528000000,112454.50,112927.00,112119.00,112814.10,16269.606
1758542400000,112814.00,113413.50,112333.00,112768.70,26147.892
1758556800000,112768.70,112839.00,111866.30,112072.90,17130.484
1758571200000,112072.80,112942.40,111924.60,112604.70,11725.630
1758585600000,112604.70,112808.40,111405.10,112294.00,21299.087
1758600000000,112294.00,113080.00,111804.90,113048.10,19008.272
1758614400000,113048.10,113236.00,112634.00,112938.60,12834.182
1758628800000,112938.60,113254.80,112390.60,112828.60,16574.487
1758643200000,112828.60,112927.80,111482.00,111611.80,22467.091
1758657600000,111611.70,112178.00,111413.50,111947.00,10075.145
1758672000000,111947.00,112466.60,111622.40,111639.70,16182.590
1758686400000,111639.80,112732.80,110935.00,112544.70,23001.272
1758700800000,112544.70,113121.80,112356.40,112982.00,14830.326
1758715200000,112982.00,113850.00,112760.00,113299.90,27960.187
1758729600000,113300.00,113895.80,113107.40,113371.70,14802.650
1758744000000,113371.70,113590.00,113143.30,113254.00,8537.071
1758758400000,113253.90,113462.10,112155.60,112485.80,27168.994
1758772800000,112485.70,112574.60,111389.00,111708.50,26475.190
1758787200000,111708.50,112220.30,111234.80,111316.10,15940.854
1758801600000,111316.00,111682.60,110555.00,111538.40,42099.500
1758816000000,111538.40,111636.60,108574.10,109320.50,50538.879
1758830400000,109320.50,109637.30,108694.80,108934.50,16440.324
1758844800000,108934.60,109766.00,108750.00,109537.60,17356.486
1758859200000,109537.50,109588.80,108841.00,109257.30,19163.400
1758873600000,109257.40,109653.60,108566.00,109082.90,18038.068
1758888000000,109082.90,109742.30,108656.80,108976.00,28268.466
1758902400000,108976.00,110250.00,108953.70,109115.90,22207.427
1758916800000,109115.80,109641.60,109028.70,109588.50,7243.812
1758931200000,109588.50,109700.00,109267.30,109503.80,7435.557
1758945600000,109503.80,109694.20,109284.30,109354.80,4334.991
1758960000000,109354.90,109449.20,109021.90,109265.80,7603.852
1758974400000,109265.80,109444.20,109145.00,109340.70,7048.089
1758988800000,109340.80,109397.60,109188.10,109369.30,5170.985
1759003200000,109369.40,109653.20,109305.50,109577.30,4278.450
1759017600000,109577.20,109749.90,109284.10,109397.30,8565.210
1759032000000,109397.30,109500.00,109203.90,109468.50,4028.334
1759046400000,109468.40,109544.80,109188.00,109319.90,7836.570
1759060800000,109319.90,109990.00,109136.50,109990.00,16361.203
1759075200000,109990.00,110350.00,109952.20,110281.60,12576.758
1759089600000,110281.70,112300.00,110236.60,112119.60,27879.888
1759104000000,112119.70,112269.30,111517.30,111817.90,18747.416
1759118400000,111817.90,111860.00,111501.00,111814.70,12523.860
1759132800000,111814.80,112381.30,111814.70,112052.00,15639.613
1759147200000,112052.00,114188.00,111844.30,113752.00,48549.611
1759161600000,113752.00,114349.70,113404.50,114204.80,17519.655
1759176000000,114204.90,114377.20,113960.60,114257.10,12425.554
1759190400000,114257.10,114800.00,113985.10,114321.50,18219.208
1759204800000,114321.50,114321.50,113531.70,113662.40,15263.367
1759219200000,113662.30,113700.00,112615.30,113003.70,22065.979
1759233600000,113003.70,113623.80,112800.10,113055.40,25466.936
1759248000000,113055.40,114528.20,112743.60,114309.10,21865.766
1759262400000,114309.10,114720.00,113710.00,113988.80,16438.759
1759276800000,113988.70,114498.00,113899.40,114135.90,15897.091
1759291200000,114135.80,114700.00,114095.20,114480.80,16277.671
1759305600000,114480.80,116750.00,114425.60,116736.80,51889.352
1759320000000,116736.80,117647.80,116311.50,117366.40,32115.557
1759334400000,117366.50,118190.00,116687.50,117374.10,35556.092
1759348800000,117374.00,118631.80,117104.10,118552.40,21253.666
1759363200000,118552.00,119457.00,118335.00,118697.00,30360.048
1759377600000,118697.00,118893.80,118226.40,118444.10,11848.115
1759392000000,118444.10,118885.80,118307.30,118716.00,9479.148
1759406400000,118716.10,119889.00,118458.40,119875.10,42758.205
1759420800000,119875.10,120999.00,119317.00,120787.90,36408.207
1759435200000,120787.80,120880.90,120018.00,120481.30,14603.215
1759449600000,120481.30,120505.50,119766.00,120185.40,14304.582
1759464000000,120185.40,120281.60,119579.60,119620.10,12310.710
1759478400000,119620.10,120484.10,119200.00,120307.20,17880.291
1759492800000,120307.20,122399.90,119820.40,122238.50,38616.185
1759507200000,122238.50,123900.00,121425.50,122609.30,74701.828
1759521600000,122609.30,122694.10,121944.70,122182.70,10066.666
1759536000000,122182.60,122301.90,121636.40,122197.20,16539.763
1759550400000,122197.30,122781.10,122168.40,122271.30,13166.182
1759564800000,122271.40,122497.40,121908.30,121924.60,8147.412
1759579200000,121924.60,122480.90,121638.50,121744.80,13471.868
1759593600000,121744.80,121920.00,121432.00,121919.00,12409.999
1759608000000,121918.90,122374.80,121813.40,122343.20,6743.986
1759622400000,122343.20,124374.00,122088.10,123735.70,34731.178
1759636800000,123735.70,125877.30,123678.00,124692.40,42796.463
1759651200000,124692.50,124843.00,122472.00,123413.20,41554.431
1759665600000,123413.30,123413.30,122600.00,122753.00,12408.739
1759680000000,122752.90,123422.00,122160.00,122550.40,20005.211
1759694400000,122550.50,123453.50,122425.70,123426.70,11074.978
1759708800000,123426.70,124336.30,123018.50,123792.90,24935.811
1759723200000,123792.80,124137.70,123217.90,123332.30,14538.648
1759737600000,123332.40,124500.00,123332.30,124161.20,14441.381
1759752000000,124161.30,125375.00,124123.30,124946.20,37455.595
1759766400000,124946.20,126208.50,124742.50,125357.30,33248.277
1759780800000,125357.30,125500.00,124463.00,124628.50,15581.617
1759795200000,124628.60,125047.00,124055.00,124277.70,13050.893
1759809600000,124277.80,124631.90,123503.90,123627.10,18156.340
1759824000000,123627.10,124471.40,123261.60,124397.20,18443.485
1759838400000,124397.10,125098.00,121102.00,121788.30,70971.787
1759852800000,121788.20,122049.70,120516.00,121593.60,48194.981
1759867200000,121593.50,122255.40,121218.00,121286.50,13081.861
1759881600000,121286.60,122196.90,121137.00,121333.10,19688.959
1759896000000,121333.10,121880.00,121005.30,121550.40,16141.831
1759910400000,121550.50,123150.00,121468.50,122825.70,22689.216
1759924800000,122825.80,123312.90,121607.80,122140.10,30420.126
1759939200000,122140.10,124170.60,122055.80,123381.80,29648.513
1759953600000,123381.80,123671.50,122739.70,123237.50,8511.141
1759968000000,123237.40,123279.70,121411.80,121988.40,17473.027
1759982400000,121988.40,122221.00,121657.30,121847.90,10691.440
1759996800000,121847.80,122777.00,121081.50,122672.90,21258.055
1760011200000,122673.00,123740.10,120595.50,121079.40,62517.268
1760025600000,121079.40,121426.70,119572.80,120897.60,42006.187
1760040000000,120897.60,121712.40,120787.90,121579.30,9650.403
1760054400000,121579.40,121835.50,120850.00,120960.80,16114.114
1760068800000,120960.80,121712.20,120814.00,120886.10,13636.340
1760083200000,120886.10,121728.30,120869.20,121493.20,10048.553
1760097600000,121493.20,122497.00,118424.40,118965.30,67102.354
1760112000000,118965.20,119403.40,115845.00,116605.30,67842.528
1760126400000,116605.20,117145.30,101516.50,112714.90,217219.743
1760140800000,112715.00,113300.10,110987.00,112261.90,45022.178
1760155200000,112261.60,112931.90,110022.00,110338.70,38020.264
1760169600000,110338.70,112307.60,110100.50,112224.60,23492.990
1760184000000,112224.60,112466.20,111740.80,111744.40,16698.898
1760198400000,111744.40,112142.00,110800.10,111126.70,17110.637
1760212800000,111126.60,111333.50,109501.00,110579.10,23326.623
1760227200000,110579.10,111424.00,109509.30,110643.30,32024.510
1760241600000,110643.30,112110.00,110561.80,111464.00,18747.611
1760256000000,111463.90,112084.30,111070.40,111783.80,19180.411
1760270400000,111783.80,113687.60,111111.00,113119.00,60564.451
1760284800000,113119.00,114654.50,113119.00,114288.70,44045.749
1760299200000,114288.80,115730.30,114200.00,114894.40,43365.305
1760313600000,114894.50,115912.00,114566.10,114773.60,33866.079
1760328000000,114773.50,115500.00,114357.20,115341.70,27016.549
1760342400000,115341.70,115376.30,113600.50,114129.30,29931.406
1760356800000,114129.20,115488.90,113721.20,114260.70,52250.214
1760371200000,114260.80,115827.60,114151.00,115726.60,38754.704
1760385600000,115726.60,115817.40,114930.10,115111.90,14177.831
1760400000000,115112.00,115360.20,113210.60,113441.00,31868.196
1760414400000,113440.90,113677.90,111302.00,111665.20,66212.874
1760428800000,111665.20,112100.10,109969.20,111241.40,44800.731
1760443200000,111241.40,112839.90,109802.00,112823.00,52781.510
1760457600000,112822.90,113480.00,111615.10,112543.90,51041.328
1760472000000,112543.90,113557.90,112164.60,112983.80,12539.857
1760486400000,112983.90,113576.10,111758.50,111978.70,20365.548
1760500800000,111978.70,112637.00,111692.80,112524.30,12933.986
1760515200000,112524.40,113477.90,111606.10,111841.00,25860.953
1760529600000,111840.90,112183.40,110320.40,110757.50,40187.854
1760544000000,110757.40,111500.00,110096.90,111202.70,18943.794
1760558400000,111202.70,111499.70,110429.80,110699.00,13484.955
1760572800000,110699.10,111827.50,110300.00,111277.40,15192.718
1760587200000,111277.50,111711.40,110488.00,110518.20,19927.291
1760601600000,110518.20,111677.10,109403.50,111363.90,35831.997
1760616000000,111364.00,111960.00,108250.00,108474.00,56236.512
1760630400000,108473.90,109212.60,107503.30,108151.30,50886.082
1760644800000,108151.20,108450.40,107350.00,108129.40,15470.185
1760659200000,108129.40,109199.80,107885.60,109121.80,14999.648
1760673600000,109121.90,109182.90,105457.40,105578.30,46920.111
1760688000000,105578.30,106666.60,103470.00,105610.50,85777.861
1760702400000,105610.50,106800.00,104489.50,106750.10,57751.674
1760716800000,106750.00,107505.00,106016.60,106416.40,25754.742
1760731200000,106416.50,107370.00,106296.30,106378.60,11585.656
1760745600000,106378.50,107250.00,106270.00,107025.00,15612.225
1760760000000,107024.90,107452.60,106374.20,106648.30,19538.235
1760774400000,106648.20,107187.90,106550.00,107151.00,10415.868
1760788800000,107151.00,107248.00,106669.00,106893.20,9353.647
1760803200000,106893.30,107047.50,106410.80,107023.00,7832.113
1760817600000,107023.00,107298.70,106788.40,107117.50,5757.815
1760832000000,107117.50,107333.00,106666.90,107221.90,9661.995
1760846400000,107221.90,107241.50,106503.30,106733.30,8079.786
1760860800000,106733.30,108214.80,106055.80,107730.60,45768.235
1760875200000,107730.60,108575.60,107312.20,108429.50,20332.538
1760889600000,108429.60,109399.90,108175.60,108850.00,19259.023
1760904000000,108850.10,109340.70,108366.40,108586.20,10372.143
1760918400000,108586.20,110404.30,107377.20,110100.40,30932.220
1760932800000,110100.30,111350.00,109875.00,111126.20,28821.916
1760947200000,111126.20,111650.00,110552.30,110969.50,19262.416
1760961600000,110969.50,111649.00,110522.90,111079.10,22003.588
1760976000000,111079.20,111255.00,109800.00,110735.00,29379.973
1760990400000,110735.10,111215.30,110355.00,110469.90,9246.836
1761004800000,110469.90,110486.30,109005.00,109005.00,17977.098
1761019200000,109005.10,109005.10,107400.00,108020.00,34541.006
1761033600000,108019.90,108772.40,107432.80,108519.40,20402.173
1761048000000,108519.40,113480.00,107677.00,113355.20,76932.616
1761062400000,113355.20,113940.00,111255.90,111720.70,51739.148
1761076800000,111720.70,111747.70,108000.00,108253.70,39535.385
1761091200000,108253.80,108649.40,107777.10,108174.10,22708.974
1761105600000,108174.00,108581.90,107558.10,108284.10,19772.922
1761120000000,108284.10,108313.80,106360.30,107501.70,28951.313
1761134400000,107501.70,109160.00,107389.40,108369.90,61071.108
1761148800000,108369.80,108780.00,107416.10,107829.00,24816.809
1761163200000,107829.10,108032.00,106588.00,107532.00,23572.857
1761177600000,107532.10,108660.00,107462.90,108322.20,17160.974
1761192000000,108322.20,110275.90,108290.30,109228.60,26449.996
1761206400000,109228.60,109867.70,109021.30,109218.50,14083.275
1761220800000,109218.50,110088.00,108639.40,109849.00,30294.704
1761235200000,109849.00,111240.00,109575.90,110137.80,26886.962
1761249600000,110137.90,110145.80,109260.00,110025.90,14764.806
1761264000000,110026.00,110839.90,109927.80,110399.90,13232.129
1761278400000,110399.90,111498.80,110274.40,111013.70,19519.691
1761292800000,111013.70,111438.30,110496.50,111006.70,15176.101
1761307200000,111006.70,112086.00,109650.00,110009.80,43877.194
1761321600000,110009.90,110907.10,109752.80,110571.30,10895.753
1761336000000,110571.40,111088.00,110431.00,110965.40,8058.664
1761350400000,110965.40,111187.50,110600.50,110962.30,5959.945
1761364800000,110962.30,111775.10,110962.30,111445.40,9261.504
1761379200000,111445.50,111789.40,111328.00,111522.70,8330.669
1761393600000,111522.60,111903.90,111255.20,111340.90,10350.647
1761408000000,111341.00,111686.00,111094.40,111574.90,7533.985
1761422400000,111574.90,111640.10,111291.00,111589.40,3832.733
1761436800000,111589.40,111866.70,111200.00,111210.10,6834.903
1761451200000,111210.10,111677.90,111200.20,111672.80,3509.598
1761465600000,111672.90,113442.50,111650.30,113235.20,25720.793
1761480000000,113235.10,114000.00,113221.50,113648.10,26931.538
1761494400000,113648.00,113774.50,113231.20,113546.30,8821.993
1761508800000,113546.20,115521.70,112800.00,114497.80,25516.562
1761523200000,114497.90,115407.70,114300.00,114927.70,18053.270
1761537600000,114927.80,116380.20,114925.60,115522.50,30815.659
1761552000000,115522.40,115575.10,114780.20,115302.30,17780.233
1761566400000,115302.30,115385.70,114433.00,114914.40,22572.882
1761580800000,114914.50,115744.80,114712.40,114894.90,14588.861
1761595200000,114894.80,114894.80,113792.40,114064.10,14800.707
1761609600000,114064.20,114500.10,113477.50,113863.90,15404.391
1761624000000,113864.00,114320.60,113422.00,114128.70,11948.360
1761638400000,114128.80,114619.20,114058.00,114290.70,9577.148
1761652800000,114290.60,116074.30,114080.80,114571.90,40806.620
1761667200000,114571.70,115554.50,113500.00,113629.00,24148.699
1761681600000,113629.00,113647.40,112121.40,112833.50,29203.622
1761696000000,112833.50,112927.50,112036.10,112459.60,16426.727
1761710400000,112459.60,113525.00,112443.50,113511.90,14258.365
1761724800000,113512.00,113581.70,112666.00,113084.50,13158.647
1761739200000,113084.60,113593.00,111326.50,111460.60,33870.214
1761753600000,111460.70,111963.00,109026.40,110605.60,66487.330
1761768000000,110605.90,111744.00,109686.40,109985.60,19719.583
1761782400000,109985.60,110957.90,109670.60,110694.50,17053.264
1761796800000,110694.40,111565.10,107817.30,111313.50,53901.189
1761811200000,111313.60,111400.00,109638.60,109666.00,21769.837
1761825600000,109665.90,109736.30,107254.10,107670.60,53828.523
1761840000000,107670.50,108184.00,106200.00,106495.10,36902.370
1761854400000,106494.30,108300.00,106257.00,108263.50,22298.461
1761868800000,108263.60,110014.40,108226.60,109186.20,32333.602
1761883200000,109186.30,110200.00,109062.70,109400.10,23926.082
1761897600000,109400.00,110500.00,109159.00,110375.70,19137.691
1761912000000,110375.70,111233.00,109308.10,110160.10,44500.399
1761926400000,110160.10,110273.20,108600.00,109802.80,25323.478
1761940800000,109802.70,109802.70,109277.70,109557.30,6842.524
1761955200000,109557.20,110300.00,109351.50,110194.60,8752.106
1761969600000,110194.60,110557.00,109885.50,110025.30,7330.524
1761984000000,110025.30,110237.60,109803.00,110096.20,5172.837
1761998400000,110096.30,110300.00,109654.50,110253.20,9755.490
1762012800000,110253.10,110486.40,110125.10,110249.00,6444.769
1762027200000,110249.00,110487.00,109803.50,110047.20,4158.495
1762041600000,110047.30,110234.40,109836.70,110008.50,4533.290
1762056000000,110008.40,110988.00,109974.10,110844.10,12154.892
1762070400000,110844.00,111193.50,110302.10,111145.40,12421.938
1762084800000,111145.40,111216.00,110030.00,110066.10,13972.771
1762099200000,110066.20,110286.20,109661.20,110125.20,9115.985
1762113600000,110125.30,110700.00,109368.90,110494.90,8910.297
1762128000000,110494.90,110711.00,107850.00,107886.00,27059.636
1762142400000,107886.00,108088.80,106946.70,107420.50,24838.664
1762156800000,107420.60,107881.40,106618.70,107737.40,20106.721
1762171200000,107737.40,108280.00,105500.00,105718.80,48388.035
1762185600000,105718.80,107797.20,105300.00,107034.70,38120.260
1762200000000,107034.70,107120.00,105750.10,106544.00,15744.731
1762214400000,106544.00,107271.90,105820.00,107097.20,21672.139
1762228800000,107097.10,107247.80,104125.30,104442.90,41302.896
1762243200000,104442.90,104656.00,103550.00,104530.70,30893.792
1762257600000,104530.70,104800.00,102870.00,103157.70,45886.912
1762272000000,103157.70,103474.10,99980.00,100507.00,81901.563
1762286400000,100507.00,101859.50,98888.80,101450.30,60084.858
1762300800000,101450.20,102222.00,98909.70,102094.80,55517.144
1762315200000,102094.80,102326.40,101433.30,101946.10,20988.348
1762329600000,101946.20,102174.90,101131.00,102019.40,20735.516
1762344000000,102019.30,103750.00,101867.80,103668.30,35318.597
1762358400000,103668.20,104496.60,102972.80,103950.00,22268.689
1762372800000,103950.00,104497.60,103240.50,103837.00,12941.800
1762387200000,103837.00,103919.70,102684.70,103598.30,17770.869
1762401600000,103598.30,104210.20,102850.10,103138.60,13713.371
1762416000000,103138.60,103406.00,102611.50,103182.60,12724.785
1762430400000,103182.60,103585.00,101570.50,101981.60,41011.914
1762444800000,101981.60,102367.90,100238.40,101335.90,44808.954
1762459200000,101335.90,101599.60,100500.00,101305.60,14999.928
1762473600000,101305.60,102311.00,100700.10,101863.50,20217.531
1762488000000,101863.40,102480.40,101530.00,101978.80,13280.182
1762502400000,101978.20,102024.70,99750.00,100369.10,30839.672
1762516800000,100369.20,101230.00,99200.00,100758.00,47608.527
1762531200000,100758.00,103350.70,100468.90,103350.00,34409.209
1762545600000,103350.00,104070.70,102889.60,103305.20,17612.337
1762560000000,103305.30,103373.80,102488.00,102545.80,15693.661
1762574400000,102545.80,102794.00,101853.80,102302.90,14868.115
1762588800000,102302.80,102654.10,101647.70,101805.60,11719.209
1762603200000,101805.60,102142.90,101400.10,101678.00,14407.901
1762617600000,101678.10,102182.70,101471.10,101934.30,8852.243
1762632000000,101934.40,102443.90,101906.60,102269.30,5150.820
1762646400000,102269.30,102294.90,101300.00,101622.90,8613.569
1762660800000,101623.00,102097.00,101602.10,101898.20,6756.373
1762675200000,101898.30,102274.90,101457.00,102198.20,9506.279
1762689600000,102198.20,104180.00,102001.00,103715.80,29922.195
1762704000000,103715.80,104780.00,103290.80,104764.10,19690.095
1762718400000,104764.10,105440.00,103999.50,104670.60,17879.159
1762732800000,104670.70,106666.00,104205.90,105990.60,32933.122
1762747200000,105990.60,106499.00,105800.00,106417.70,12528.833
1762761600000,106417.60,106570.00,105780.10,106136.60,13572.766
1762776000000,106136.50,106566.70,104615.70,105028.90,33078.144
1762790400000,105028.90,106081.10,104735.60,105767.20,16326.419
1762804800000,105767.10,106249.60,105202.70,105966.30,11964.254
1762819200000,105966.30,107473.70,105399.60,106407.30,30111.804
1762833600000,106407.40,106496.60,104685.30,104737.00,20998.664
1762848000000,104737.10,105464.20,104718.20,105256.20,11555.593
1762862400000,105256.20,105459.80,103135.20,103417.20,35003.229
1762876800000,103417.20,103694.80,102777.00,103073.60,19238.124
1762891200000,103073.60,103183.80,102400.00,103005.80,15696.360
1762905600000,103005.80,103399.40,102629.50,103267.20,13122.938
1762920000000,103267.20,103605.00,102941.60,103066.70,8824.550
1762934400000,103066.70,105162.60,103066.70,104979.90,27402.495
1762948800000,104979.90,105297.00,101900.00,102124.90,41940.216
1762963200000,102124.90,102249.20,100711.00,101245.40,37825.035
1762977600000,101245.30,101964.50,101087.80,101605.80,11761.042
1762992000000,101605.80,102581.70,100850.00,102088.10,22639.572
1763006400000,102088.00,104024.60,101602.20,103430.90,34325.354
1763020800000,103430.90,103765.40,102509.10,102900.00,18566.647
1763035200000,102900.10,103456.00,101135.00,101338.00,45078.899
1763049600000,101338.00,101495.70,98100.00,98643.10,75018.436
1763064000000,98643.10,100485.80,97959.00,99654.30,40417.891
1763078400000,99654.30,99862.80,98657.00,99103.30,28715.780
1763092800000,99103.30,99152.00,95840.90,97099.90,71313.808
1763107200000,97099.90,97520.00,95597.90,96134.60,31110.834
1763121600000,96134.50,97280.00,94500.00,96752.60,82600.541
1763136000000,96752.70,97377.60,94741.20,95737.30,42316.610
1763150400000,95737.40,95900.00,93955.00,94544.90,31015.210
1763164800000,94544.90,96800.00,94523.90,96388.50,27406.464
1763179200000,96388.50,96543.80,95900.10,96289.40,13884.426
1763193600000,96289.30,96310.40,95587.30,95657.30,12856.230
1763208000000,95657.30,96439.60,95534.10,96222.10,13204.020
1763222400000,96222.10,96362.50,95677.70,95967.70,11960.891
1763236800000,95967.70,95979.10,95072.10,95560.30,10908.288
1763251200000,95560.40,95946.40,94800.00,95782.00,12634.047
1763265600000,95782.00,96170.60,95602.00,96064.80,8616.379
1763280000000,96064.80,96600.00,95443.60,95588.00,16713.435
1763294400000,95588.00,95870.00,94300.00,94531.30,18869.751
1763308800000,94531.20,95544.80,93677.40,93994.50,44324.084
1763323200000,93994.50,94700.00,92922.80,94221.70,34591.813
1763337600000,94221.70,95539.30,93730.00,95472.10,24659.317
1763352000000,95472.00,95838.00,94850.00,95587.90,15760.621
1763366400000,95587.90,95980.10,95268.90,95530.10,14932.070
1763380800000,95530.00,96012.20,93511.80,93915.70,58887.551
1763395200000,93915.80,94388.00,91550.20,91656.20,60184.076
1763409600000,91656.20,92370.90,91250.00,92169.70,30737.650
1763424000000,92169.80,92335.40,89666.10,90811.90,54125.497
1763438400000,90811.80,90842.10,89012.00,90459.10,44370.545
1763452800000,90459.20,91567.00,90459.10,91473.60,28352.843
1763467200000,91474.10,92991.70,90888.00,92851.40,58085.185
1763481600000,92851.50,93799.10,92532.00,93143.10,33005.355
1763496000000,93143.10,93400.00,92420.30,92916.90,14751.731
1763510400000,92916.80,92944.80,91600.00,91842.20,24522.251
1763524800000,91842.10,91987.20,89966.00,91826.60,46058.357
1763539200000,91826.60,91920.00,91038.90,91372.40,19679.241
1763553600000,91372.30,92348.20,89822.00,89901.00,42278.255
1763568000000,89901.00,90202.50,88600.00,88857.70,54170.658
1763582400000,88857.80,91554.90,88564.40,91508.90,39729.688
1763596800000,91509.00,92760.00,91140.20,92404.60,26837.515
1763611200000,92404.70,93150.00,91640.20,92267.40,27995.866
1763625600000,92267.50,92363.10,91388.50,91892.60,17102.033
1763640000000,91892.70,92498.60,89804.10,89835.40,50957.631
1763654400000,89835.50,89885.70,86066.60,86880.30,114064.312
1763668800000,86880.20,88214.10,86291.70,86601.30,39555.670
1763683200000,86601.40,87465.40,85288.00,85782.50,45579.338
1763697600000,85782.40,86313.20,81111.00,84006.70,78365.775
1763712000000,84006.70,84667.10,81601.70,82279.10,84124.192
1763726400000,82279.20,85449.20,80600.00,82905.10,129537.870
1763740800000,82905.00,85548.40,82300.00,84167.20,80734.325
1763755200000,84167.10,85374.50,83418.40,85093.50,31462.824
1763769600000,85093.60,85599.90,84180.00,84414.10,19897.887
1763784000000,84414.00,84764.30,83792.00,84537.40,15965.292
1763798400000,84537.40,84546.40,83456.00,84066.20,20664.044
1763812800000,84066.20,84712.70,83578.50,84239.90,18582.456
1763827200000,84239.90,84888.00,84175.00,84566.70,9063.108
1763841600000,84566.80,85238.30,84193.80,84689.40,10024.268
1763856000000,84689.40,86300.00,84622.00,86261.00,24200.097
1763870400000,86261.00,86826.80,85348.70,85732.00,24602.446
1763884800000,85732.10,86438.50,85724.70,86290.30,16673.741
1763899200000,86290.30,87222.00,86222.00,87042.80,26845.253
1763913600000,87042.80,87653.90,86458.00,87276.70,24543.305
1763928000000,87276.70,88100.00,86700.00,86807.70,22065.231
1763942400000,86807.60,88049.50,85915.00,87408.80,36758.713
1763956800000,87408.70,87795.90,86400.00,87004.60,26095.166
1763971200000,87004.60,87004.60,85654.10,86232.50,25190.047
1763985600000,86232.50,86700.00,85226.40,86571.00,47419.810
1764000000000,86571.10,88788.00,86571.00,88277.00,51453.968
1764014400000,88277.10,89177.30,88205.30,88247.10,24195.628
1764028800000,88247.10,88247.10,87378.80,87775.10,19713.977
1764043200000,87775.00,88477.60,87240.00,87362.20,17064.891
1764057600000,87362.20,87585.70,86628.40,87311.90,23787.173
1764072000000,87312.00,87732.70,86061.10,86946.50,39724.105
1764086400000,86946.60,88115.00,86132.70,86835.00,30082.125
1764100800000,86835.10,87869.40,86542.00,87324.10,19265.384
1764115200000,87324.10,88200.00,87022.20,87088.50,17140.975
1764129600000,87088.40,87947.00,86851.10,87896.20,14105.593
1764144000000,87896.20,87909.20,86630.00,87049.20,17454.952
1764158400000,87049.10,87646.80,86260.90,86926.20,36287.132
1764172800000,86926.30,90362.70,86914.30,89923.30,54312.066
1764187200000,89923.30,90655.40,89458.70,90438.10,19845.815
1764201600000,90438.00,91850.00,90024.40,91049.30,32745.927
1764216000000,91049.30,91520.00,90843.80,91361.50,14177.400
1764230400000,91361.40,91931.90,91177.20,91334.90,18138.117
1764244800000,91334.90,91418.40,90410.60,90912.90,24029.717
1764259200000,90913.00,91800.00,90800.40,91489.00,17191.032
1764273600000,91489.00,91562.80,91058.40,91292.20,7403.039
1764288000000,91292.20,91386.60,90612.20,91168.00,13757.156
1764302400000,91168.00,91690.00,90824.10,90870.20,13510.903
1764316800000,90870.20,92000.00,90863.60,91382.90,21589.404
1764331200000,91383.00,93080.00,91314.40,92299.90,48122.799
1764345600000,92299.80,92323.60,90155.00,91106.10,41246.173
1764360000000,91106.00,91209.00,90657.60,90847.80,8693.912
1764374400000,90847.80,91078.40,90500.00,90638.00,7053.901
1764388800000,90638.10,90884.80,90265.20,90523.50,9280.403
1764403200000,90523.40,90691.50,90335.20,90633.70,6285.010
1764417600000,90633.80,91068.10,90484.30,91030.00,8755.570
1764432000000,91030.00,91130.00,90092.70,90602.90,14802.817
1764446400000,90602.90,91020.00,90363.00,90765.00,8018.978
1764460800000,90764.90,91016.00,90414.00,90873.00,6739.259
1764475200000,90872.90,90999.40,90626.20,90924.50,4260.813
1764489600000,90924.50,91580.00,90879.30,91000.90,14264.111
1764504000000,91000.90,91934.40,90960.00,91405.80,16461.441
1764518400000,91405.90,91818.80,91088.10,91423.20,8957.664
1764532800000,91423.10,91592.30,90300.00,90320.60,15456.430
1764547200000,90320.50,90396.90,86126.00,86319.20,80222.892
1764561600000,86319.10,86524.60,85563.70,86487.60,31809.427
1764576000000,86487.30,86886.00,86090.00,86100.10,19775.516
1764590400000,86100.00,86625.00,83786.00,84650.00,83435.905
1764604800000,84650.00,85528.70,84011.00,84985.00,46606.811
1764619200000,84985.00,86817.00,84966.80,86241.60,34996.615
1764633600000,86241.50,87384.00,86140.10,86936.00,23647.179
1764648000000,86935.90,87245.90,86772.00,86965.00,11979.706
1764662400000,86965.00,87640.00,86321.00,87326.90,24568.861
1764676800000,87327.00,91211.30,87005.00,90809.20,78565.044
1764691200000,90809.20,92273.20,90156.40,91849.90,54905.622
1764705600000,91849.90,91970.40,90643.50,91249.10,34434.753
1764720000000,91249.10,93068.90,90954.80,92589.20,30608.344
1764734400000,92589.20,93932.70,92578.00,92969.90,37966.712
1764748800000,92970.00,93338.40,92602.80,92957.70,21367.918
1764763200000,92957.60,93653.60,91637.40,92332.90,58413.578
1764777600000,92333.00,93471.10,91733.20,92995.80,30690.222
1764792000000,92995.80,94185.00,92784.30,93376.70,22251.543
1764806400000,93376.80,94040.00,92628.00,93499.90,24501.316
1764820800000,93500.00,93549.20,92737.00,93358.60,16001.449
1764835200000,93358.50,93600.00,92666.10,92894.90,16325.267
1764849600000,92894.90,93256.30,91762.00,92933.50,38745.228
1764864000000,92933.40,93143.40,90822.50,91941.50,38482.820
1764878400000,91941.50,92676.80,91649.80,92034.70,12716.347
1764892800000,92034.70,92665.50,91917.70,92104.90,10956.852
1764907200000,92104.80,92455.40,91750.60,92227.50,12306.339
1764921600000,92227.60,92227.60,90940.40,91307.90,21552.042
1764936000000,91308.00,91445.20,89863.00,90414.00,55291.144
1764950400000,90413.90,90460.00,87976.30,89590.50,66447.207
1764964800000,89590.50,89706.00,88856.70,89288.50,12571.473
1764979200000,89288.60,89758.00,88986.10,89636.50,10198.215
1764993600000,89636.50,89732.40,89410.80,89549.60,6055.827
1765008000000,89549.50,89679.00,89165.90,89585.40,8658.915
1765022400000,89585.40,90257.30,89424.20,89713.40,14787.600
1765036800000,89713.30,89940.30,89203.00,89369.40,8623.445
1765051200000,89369.50,89578.30,88870.10,89197.10,8502.865
1765065600000,89197.10,89704.50,89131.50,89675.60,5748.385
1765080000000,89675.70,89750.00,89155.00,89337.10,6553.596
1765094400000,89337.10,89494.40,89012.90,89109.40,7659.024
1765108800000,89109.30,89700.00,87688.00,89505.00,41325.561
1765123200000,89505.00,91722.00,89065.20,91379.70,36596.274
1765137600000,91379.80,91473.20,88890.00,90345.40,31709.165
1765152000000,90345.40,91650.00,89806.40,91039.40,20651.383
1765166400000,91039.30,91868.00,90979.20,91519.80,12977.758
1765180800000,91519.80,92262.60,91433.60,91923.50,16068.448
1765195200000,91923.60,92106.40,89553.80,89912.60,57039.196
1765209600000,89912.70,90471.60,89629.10,90073.60,29715.552
1765224000000,90073.70,91338.20,90073.70,90610.80,16022.402
1765238400000,90610.80,90810.80,89774.10,90364.00,15639.888
1765252800000,90364.10,90485.80,89368.90,90449.90,20910.849
1765267200000,90449.90,90584.80,89868.00,90341.90,10989.605
1765281600000,90342.00,92867.00,89953.00,92676.90,45314.765
1765296000000,92676.90,94555.00,92656.50,93761.90,62023.498
1765310400000,93761.90,93819.10,92199.00,92638.40,27051.658
1765324800000,92638.30,92748.20,91900.00,92366.00,16458.476
1765339200000,92366.00,92749.80,92339.80,92744.70,9066.291
1765353600000,92744.70,93278.90,91721.00,92085.50,22951.746
1765368000000,92085.40,92197.30,91520.00,92021.80,20761.517
1765382400000,92021.80,93223.60,91605.00,92913.80,47793.664
1765396800000,92913.90,94443.70,91825.00,91977.50,43457.086
1765411200000,91977.50,92046.30,89321.00,89833.10,41765.030
1765425600000,89833.10,90445.60,89640.40,90231.40,16187.084
1765440000000,90231.30,90494.70,89931.00,90195.30,11011.162
1765454400000,90195.30,90618.00,89200.00,89830.10,36667.082
1765468800000,89830.10,91499.00,89288.00,90793.50,36608.297
1765483200000,90793.50,93547.30,90749.60,92477.50,48909.413
1765497600000,92477.60,92719.00,91400.00,92234.30,22813.990
1765512000000,92234.30,92685.50,92028.40,92389.50,11201.460
1765526400000,92389.50,92600.00,92050.00,92381.50,9687.193
1765540800000,92381.40,92630.00,89688.00,89895.00,49205.788
1765555200000,89895.00,90617.70,89429.00,90147.30,41898.523
1765569600000,90147.40,90357.50,89843.00,90229.60,10037.156
1765584000000,90229.70,90432.00,90077.00,90304.00,5591.180
1765598400000,90304.10,90379.50,90226.80,90286.10,3796.600
1765612800000,90286.00,90599.00,90239.00,90298.40,7893.366
1765627200000,90298.50,90441.90,89888.00,90055.40,9021.404
1765641600000,90055.30,90236.60,89944.00,90150.90,4576.962
1765656000000,90150.80,90248.00,89711.90,90191.30,5358.221
1765670400000,90191.30,90440.00,90071.60,90222.30,7086.650
1765684800000,90222.40,90300.00,90005.80,90205.10,3999.939
1765699200000,90205.10,90250.00,88412.80,89308.20,24641.953
1765713600000,89308.30,89630.80,88831.70,88985.20,17265.699
1765728000000,88985.20,89372.80,88432.00,88598.70,17696.731
1765742400000,88598.70,88779.10,87504.30,88118.80,21395.682
1765756800000,88118.80,89972.40,88025.30,89239.90,27815.116
1765771200000,89240.00,89880.00,89229.50,89703.00,10941.101
1765785600000,89702.90,89940.00,89525.00,89606.00,11790.519
1765800000000,89606.00,89845.00,86563.60,86996.60,67384.379
1765814400000,86996.50,87189.90,85073.00,86104.20,56199.332
1765828800000,86104.20,86437.10,85489.70,86389.90,20085.598
1765843200000,86390.00,86478.60,85340.10,85837.70,16787.316
1765857600000,85837.60,86577.00,85226.00,85964.80,17300.472
1765872000000,85964.90,87299.70,85874.60,87216.60,18856.619
1765886400000,87216.60,88143.90,86055.90,87936.30,54188.458
1765900800000,87936.30,88012.50,87015.80,87538.70,26033.481
1765915200000,87538.70,87900.00,87297.90,87826.30,9058.702
1765929600000,87826.30,87925.80,87104.20,87178.10,11671.628
1765944000000,87178.20,87360.80,86158.40,87010.40,22749.284
1765958400000,87010.40,87100.00,86201.00,86939.30,15486.489
1765972800000,86939.20,90363.20,86768.80,87191.40,86140.012
1765987200000,87191.00,87737.30,85261.30,85982.70,55699.358
1766001600000,85982.70,86421.00,85630.00,86201.60,16899.977
1766016000000,86201.60,86836.20,85820.60,86575.10,16118.556
1766030400000,86575.10,86859.10,86323.70,86787.50,11560.136
1766044800000,86787.50,87417.60,86640.50,87268.10,14444.149
1766059200000,87257.00,89447.90,87068.00,88480.80,75762.851
1766073600000,88480.70,88500.00,84429.90,84447.00,83673.674
1766088000000,84447.00,85800.00,84408.60,85469.70,28014.313
1766102400000,85469.80,87550.00,85062.70,86863.10,30604.064
1766116800000,86863.20,88366.00,86651.90,87909.70,28039.593
1766131200000,87909.70,88345.10,87700.00,88169.90,16798.031
1766145600000,88170.00,89374.60,87488.00,87925.60,51776.280
1766160000000,87925.60,88888.00,86795.50,87812.80,36941.972
1766174400000,87812.90,88406.30,87569.10,88100.00,14124.554
1766188800000,88100.00,88294.80,87926.70,88165.30,5637.357
1766203200000,88165.30,88551.80,88065.90,88239.90,6898.331
1766217600000,88240.00,88397.80,88063.80,88243.60,4869.385
1766232000000,88243.60,88320.00,87698.50,88134.60,11529.379
1766246400000,88134.50,88407.70,88060.00,88196.30,3919.255
1766260800000,88196.40,88434.90,88111.10,88320.80,3120.141
1766275200000,88320.70,88400.00,87821.10,88043.20,7336.323
1766289600000,88043.30,88174.50,88010.00,88138.70,2659.008
1766304000000,88138.80,89050.00,88103.30,88570.60,15426.009
1766318400000,88570.70,88885.90,87548.50,88024.70,25733.455
1766332800000,88024.70,88588.00,87902.00,88448.20,10214.556
1766347200000,88448.30,88786.90,88047.40,88621.30,6255.037
1766361600000,88621.30,89600.00,87845.00,88727.50,31996.805
1766376000000,88727.40,89173.80,88665.30,89127.70,9144.909
1766390400000,89127.80,90085.00,89050.10,89905.20,25914.874
1766404800000,89905.20,90599.00,89109.10,89688.50,43053.447
1766419200000,89688.60,90088.00,87906.70,88011.10,26150.733
1766433600000,88011.00,88805.90,87872.60,88581.50,18432.701
1766448000000,88581.50,88904.90,87738.30,88128.20,16525.238
1766462400000,88128.20,88342.00,86976.60,87531.30,23180.432
1766476800000,87531.30,87852.00,87256.30,87813.90,12098.900
1766491200000,87813.80,87914.00,86536.00,87405.30,34384.868
1766505600000,87405.20,88247.80,87121.40,87724.20,32501.327
1766520000000,87724.20,88349.20,87145.00,87463.00,14967.183
1766534400000,87463.10,87849.90,86817.90,87311.40,15341.836
1766548800000,87311.40,87430.00,86738.80,86868.10,11302.398
1766563200000,86868.10,87316.70,86671.70,87162.60,10537.249
1766577600000,87162.60,87450.00,86355.00,87012.00,23298.985
1766592000000,87012.00,87660.00,86878.30,87521.40,13327.506
1766606400000,87521.40,88033.30,87484.60,87627.30,7735.534
1766620800000,87627.40,87933.50,87466.90,87811.60,5633.524
1766635200000,87811.60,87830.00,87617.10,87795.90,3874.387
1766649600000,87795.90,87858.80,87219.00,87485.20,8305.291
1766664000000,87485.20,88594.00,87360.70,88338.90,15360.367
1766678400000,88339.00,88451.60,87947.80,88112.30,9470.156
1766692800000,88112.30,88139.20,86902.10,87182.80,15152.527
1766707200000,87182.80,89432.00,86824.80,88796.20,38115.137
1766721600000,88796.20,89557.60,88300.50,88433.00,21937.337
1766736000000,88433.00,88888.00,88380.00,88507.50,11419.104
1766750400000,88507.60,89037.00,86619.90,87100.00,51437.502
1766764800000,87100.00,87555.00,86760.40,87453.70,19187.707
1766779200000,87453.70,87750.00,87266.60,87318.20,7874.950
1766793600000,87318.30,87493.40,87203.00,87473.40,4564.436
1766808000000,87473.40,87669.70,87374.50,87490.90,3525.475
1766822400000,87490.90,87634.90,87324.60,87433.60,5166.212
1766836800000,87433.60,87555.00,87264.80,87516.20,4515.048
1766851200000,87516.30,87545.60,87397.50,87522.40,2442.758
1766865600000,87522.30,87956.90,87455.50,87829.40,7080.180
1766880000000,87829.50,87921.70,87674.40,87693.00,4818.273
1766894400000,87693.10,87802.50,87566.00,87697.70,3595.942
1766908800000,87697.70,87980.90,87676.40,87850.80,5882.811
1766923200000,87850.90,88078.30,87762.20,87797.70,6369.212
1766937600000,87797.60,87902.70,87448.40,87488.60,9230.702
1766952000000,87488.70,88023.40,87402.60,87920.50,7463.024
1766966400000,87920.40,90156.50,87778.50,90091.60,45213.489
1766980800000,90091.50,90373.40,89448.10,89583.00,25464.187
1766995200000,89583.00,89791.50,87520.10,87529.00,45300.356
1767009600000,87529.10,88150.00,86760.00,87636.60,49719.631
1767024000000,87636.40,87968.10,87259.60,87328.90,15239.929
1767038400000,87328.90,87569.20,87043.40,87203.30,9066.617
1767052800000,87203.20,87393.10,86789.00,87334.70,13438.983
1767067200000,87334.70,87581.40,87105.60,87457.50,8171.089
1767081600000,87457.50,88190.60,87455.50,87875.20,23327.302
1767096000000,87875.30,89126.00,87788.20,88966.80,38901.923
1767110400000,88966.80,89355.00,87910.40,88189.70,32511.331
1767124800000,88189.80,88533.00,87833.20,88455.30,10394.632
1767139200000,88455.20,88780.00,88134.90,88411.50,11679.228
1767153600000,88411.60,88596.00,88280.10,88569.00,6284.482
1767168000000,88568.90,89000.00,88339.90,88967.60,12440.160
1767182400000,88967.60,89192.80,87729.20,87909.00,31536.840
1767196800000,87909.00,88024.30,87350.50,87515.00,24053.975
1767211200000,87515.00,87849.70,87189.20,87608.20,10773.672
open_time,open,high,low,close,volume
